{
  "month":[1,2,3,4,5,6,7,8,9,10,11,12],
  "avg_price":[40.87178095,40.72254491,41.07238042,41.85814782,29.04782663,26.97125074,29.10342597,37.91005723,43.7971825,47.24623516,37.56664028,45.06360682],
  "avg_trade":[93818.6,69780.8,117254.8,280303.5,898516.8,1172131.4,858887.7,684998.3,579061.5,414887.4,271938.7,147131]
}