{
  "month":[5,6,7,8,9,10,11,12,1,2,3,4],
  "avg_price":[12.76635079,16.28597074,18.07703739,21.25285761,25.44448473,22.73594436,11.73901704,12.93170125,13.46531731,12.10342395,11.22825262,11.14222145],
  "avg_trade":[16758409.6,15075793.7,15912705.9,15089482.5,13556717.1,16070739.9,18695050.8,19156877.9,18276283.12,15245955.1,19097994.58,17269647.6]
}