{
  "month":[5,6,7,8,9,10,11,12,1,2,3,4],
  "avg_price":[12.0453004,12.31251396,13.08845298,19.01903448,21.71987071,18.22933172,14.70089474,22.73411534,23.77556751,27.12105024,22.42371392,14.52273926],
  "avg_trade":[2715227.5,2454749.2,2406041.64,1963125.8,1840627.7,2212265.2,1911414,1447962.8,1221173.7,1019031.1,1684740.2,2402063.6]
}